CTUID,arrondissement
4620725.07,
4620652.04,
4620887.05,
4620887.06,
4620887.07,
4620688.03,
4620688.04,
4620001.00,Mercier-Hochelaga-Maisonneuve
4620002.00,Mercier-Hochelaga-Maisonneuve
4620003.00,Mercier-Hochelaga-Maisonneuve
4620004.00,Mercier-Hochelaga-Maisonneuve
4620005.00,Mercier-Hochelaga-Maisonneuve
4620006.00,Mercier-Hochelaga-Maisonneuve
4620007.00,Mercier-Hochelaga-Maisonneuve
4620008.00,Mercier-Hochelaga-Maisonneuve
4620009.00,Mercier-Hochelaga-Maisonneuve
4620010.00,Mercier-Hochelaga-Maisonneuve
4620011.00,Mercier-Hochelaga-Maisonneuve
4620013.00,Mercier-Hochelaga-Maisonneuve
4620015.00,Mercier-Hochelaga-Maisonneuve
4620016.00,Mercier-Hochelaga-Maisonneuve
4620017.00,Mercier-Hochelaga-Maisonneuve
4620018.00,Mercier-Hochelaga-Maisonneuve
4620019.00,Mercier-Hochelaga-Maisonneuve
4620021.00,Mercier-Hochelaga-Maisonneuve
4620022.00,Mercier-Hochelaga-Maisonneuve
4620023.00,Mercier-Hochelaga-Maisonneuve
4620024.00,Mercier-Hochelaga-Maisonneuve
4620025.00,Mercier-Hochelaga-Maisonneuve
4620026.00,Mercier-Hochelaga-Maisonneuve
4620027.00,Mercier-Hochelaga-Maisonneuve
4620028.00,Mercier-Hochelaga-Maisonneuve
4620029.00,Mercier-Hochelaga-Maisonneuve
4620030.00,Mercier-Hochelaga-Maisonneuve
4620031.00,Mercier-Hochelaga-Maisonneuve
4620032.00,Ville-Marie
4620033.00,Ville-Marie
4620034.00,Ville-Marie
4620035.00,Ville-Marie
4620036.00,Ville-Marie
4620037.00,Ville-Marie
4620038.00,Ville-Marie
4620039.00,Ville-Marie
4620040.00,Ville-Marie
4620041.00,Ville-Marie
4620042.00,Ville-Marie
4620043.00,Ville-Marie
4620044.00,Ville-Marie
4620045.00,Ville-Marie
4620046.00,Ville-Marie
4620047.00,Ville-Marie
4620048.00,Ville-Marie
4620049.00,Ville-Marie
4620050.00,Ville-Marie
4620051.00,Ville-Marie
4620052.00,Ville-Marie
4620053.00,Ville-Marie
4620054.00,Ville-Marie
4620056.00,Ville-Marie
4620057.00,Ville-Marie
4620058.00,Ville-Marie
4620059.00,Ville-Marie
4620060.00,Ville-Marie
4620061.00,Ville-Marie
4620062.00,Ville-Marie
4620063.00,Ville-Marie
4620064.00,Ville-Marie
4620067.00,Le Sud-Ouest
4620068.00,Le Sud-Ouest
4620071.00,Le Sud-Ouest
4620072.00,Le Sud-Ouest
4620073.00,Le Sud-Ouest
4620074.00,Le Sud-Ouest
4620075.00,Le Sud-Ouest
4620076.00,Le Sud-Ouest
4620077.00,Le Sud-Ouest
4620078.00,Le Sud-Ouest
4620079.00,Le Sud-Ouest
4620080.00,Le Sud-Ouest
4620081.00,Le Sud-Ouest
4620082.00,Le Sud-Ouest
4620083.00,Le Sud-Ouest
4620084.00,Le Sud-Ouest
4620085.00,Le Sud-Ouest
4620086.00,Le Sud-Ouest
4620087.00,Le Sud-Ouest
4620088.00,Le Sud-Ouest
4620089.00,Le Sud-Ouest
4620090.00,Le Sud-Ouest
4620091.00,Le Sud-Ouest
4620092.00,Le Sud-Ouest
4620093.00,Le Sud-Ouest
4620095.00,Côte-des-Neiges-Notre-Dame-de-Grâce
4620096.00,Côte-des-Neiges-Notre-Dame-de-Grâce
4620098.00,Côte-des-Neiges-Notre-Dame-de-Grâce
4620099.00,Côte-des-Neiges-Notre-Dame-de-Grâce
4620102.00,Côte-des-Neiges-Notre-Dame-de-Grâce
4620103.00,Côte-des-Neiges-Notre-Dame-de-Grâce
4620104.00,Côte-des-Neiges-Notre-Dame-de-Grâce
4620105.00,Côte-des-Neiges-Notre-Dame-de-Grâce
4620106.00,Côte-des-Neiges-Notre-Dame-de-Grâce
4620107.00,Côte-des-Neiges-Notre-Dame-de-Grâce
4620108.00,Côte-des-Neiges-Notre-Dame-de-Grâce
4620109.00,Côte-des-Neiges-Notre-Dame-de-Grâce
4620110.00,Côte-des-Neiges-Notre-Dame-de-Grâce
4620111.00,Côte-des-Neiges-Notre-Dame-de-Grâce
4620113.00,Côte-des-Neiges-Notre-Dame-de-Grâce
4620114.00,Côte-des-Neiges-Notre-Dame-de-Grâce
4620116.00,Côte-des-Neiges-Notre-Dame-de-Grâce
4620117.00,Côte-des-Neiges-Notre-Dame-de-Grâce
4620118.00,Côte-des-Neiges-Notre-Dame-de-Grâce
4620119.00,Côte-des-Neiges-Notre-Dame-de-Grâce
4620121.00,Côte-des-Neiges-Notre-Dame-de-Grâce
4620122.00,Côte-des-Neiges-Notre-Dame-de-Grâce
4620123.00,Côte-des-Neiges-Notre-Dame-de-Grâce
4620124.00,Côte-des-Neiges-Notre-Dame-de-Grâce
4620125.00,Côte-des-Neiges-Notre-Dame-de-Grâce
4620126.00,Côte-des-Neiges-Notre-Dame-de-Grâce
4620128.00,Ville-Marie
4620130.00,Le Plateau-Mont-Royal
4620131.00,Le Plateau-Mont-Royal
4620132.00,Le Plateau-Mont-Royal
4620133.00,Le Plateau-Mont-Royal
4620134.00,Le Plateau-Mont-Royal
4620135.00,Le Plateau-Mont-Royal
4620136.00,Le Plateau-Mont-Royal
4620137.00,Le Plateau-Mont-Royal
4620138.00,Le Plateau-Mont-Royal
4620139.00,Le Plateau-Mont-Royal
4620140.00,Le Plateau-Mont-Royal
4620141.00,Le Plateau-Mont-Royal
4620142.00,Le Plateau-Mont-Royal
4620143.00,Le Plateau-Mont-Royal
4620144.00,Le Plateau-Mont-Royal
4620145.00,Le Plateau-Mont-Royal
4620146.00,Le Plateau-Mont-Royal
4620147.00,Le Plateau-Mont-Royal
4620148.00,Le Plateau-Mont-Royal
4620149.00,Le Plateau-Mont-Royal
4620150.00,Le Plateau-Mont-Royal
4620151.00,Le Plateau-Mont-Royal
4620152.00,Le Plateau-Mont-Royal
4620153.00,Le Plateau-Mont-Royal
4620154.00,Le Plateau-Mont-Royal
4620155.00,Le Plateau-Mont-Royal
4620156.00,Le Plateau-Mont-Royal
4620157.00,Le Plateau-Mont-Royal
4620158.00,Le Plateau-Mont-Royal
4620159.00,Le Plateau-Mont-Royal
4620160.00,Le Plateau-Mont-Royal
4620161.00,Le Plateau-Mont-Royal
4620162.00,Le Plateau-Mont-Royal
4620163.00,Le Plateau-Mont-Royal
4620164.00,Le Plateau-Mont-Royal
4620165.00,Le Plateau-Mont-Royal
4620166.00,Rosemont-La Petite-Patrie
4620167.00,Le Plateau-Mont-Royal
4620168.00,Le Plateau-Mont-Royal
4620169.00,Le Plateau-Mont-Royal
4620170.00,Le Plateau-Mont-Royal
4620171.00,Le Plateau-Mont-Royal
4620172.00,Le Plateau-Mont-Royal
4620173.00,Le Plateau-Mont-Royal
4620174.00,Le Plateau-Mont-Royal
4620175.00,Le Plateau-Mont-Royal
4620176.00,Le Plateau-Mont-Royal
4620177.00,Le Plateau-Mont-Royal
4620178.00,Le Plateau-Mont-Royal
4620179.00,Rosemont-La Petite-Patrie
4620180.00,Rosemont-La Petite-Patrie
4620181.00,Rosemont-La Petite-Patrie
4620182.00,Rosemont-La Petite-Patrie
4620183.00,Rosemont-La Petite-Patrie
4620184.00,Rosemont-La Petite-Patrie
4620185.00,Rosemont-La Petite-Patrie
4620186.00,Rosemont-La Petite-Patrie
4620189.00,Rosemont-La Petite-Patrie
4620191.00,Mercier-Hochelaga-Maisonneuve
4620192.00,Mercier-Hochelaga-Maisonneuve
4620193.00,Mercier-Hochelaga-Maisonneuve
4620196.00,Rosemont-La Petite-Patrie
4620197.00,Rosemont-La Petite-Patrie
4620198.00,Rosemont-La Petite-Patrie
4620199.00,Rosemont-La Petite-Patrie
4620200.00,Rosemont-La Petite-Patrie
4620201.00,Rosemont-La Petite-Patrie
4620202.00,Rosemont-La Petite-Patrie
4620203.00,Rosemont-La Petite-Patrie
4620204.00,Rosemont-La Petite-Patrie
4620205.00,Rosemont-La Petite-Patrie
4620206.00,Rosemont-La Petite-Patrie
4620207.00,Rosemont-La Petite-Patrie
4620208.00,Rosemont-La Petite-Patrie
4620209.00,Rosemont-La Petite-Patrie
4620210.00,Rosemont-La Petite-Patrie
4620211.00,Rosemont-La Petite-Patrie
4620212.00,Rosemont-La Petite-Patrie
4620213.00,Rosemont-La Petite-Patrie
4620214.00,Rosemont-La Petite-Patrie
4620215.00,Rosemont-La Petite-Patrie
4620216.00,Rosemont-La Petite-Patrie
4620217.00,Rosemont-La Petite-Patrie
4620218.00,Rosemont-La Petite-Patrie
4620219.00,Rosemont-La Petite-Patrie
4620220.00,Villeray-Saint-Michel-Parc-Extension
4620221.00,Villeray-Saint-Michel-Parc-Extension
4620222.00,Villeray-Saint-Michel-Parc-Extension
4620224.00,Villeray-Saint-Michel-Parc-Extension
4620225.00,Villeray-Saint-Michel-Parc-Extension
4620226.00,Villeray-Saint-Michel-Parc-Extension
4620227.00,Villeray-Saint-Michel-Parc-Extension
4620228.00,Villeray-Saint-Michel-Parc-Extension
4620229.00,Villeray-Saint-Michel-Parc-Extension
4620230.00,Villeray-Saint-Michel-Parc-Extension
4620231.00,Villeray-Saint-Michel-Parc-Extension
4620232.00,Villeray-Saint-Michel-Parc-Extension
4620233.00,Villeray-Saint-Michel-Parc-Extension
4620234.00,Villeray-Saint-Michel-Parc-Extension
4620235.00,Villeray-Saint-Michel-Parc-Extension
4620236.00,Villeray-Saint-Michel-Parc-Extension
4620237.00,Villeray-Saint-Michel-Parc-Extension
4620238.00,Villeray-Saint-Michel-Parc-Extension
4620239.00,Villeray-Saint-Michel-Parc-Extension
4620240.00,Villeray-Saint-Michel-Parc-Extension
4620241.00,Villeray-Saint-Michel-Parc-Extension
4620242.00,Villeray-Saint-Michel-Parc-Extension
4620243.00,Villeray-Saint-Michel-Parc-Extension
4620244.00,Villeray-Saint-Michel-Parc-Extension
4620245.00,Villeray-Saint-Michel-Parc-Extension
4620247.00,Rosemont-La Petite-Patrie
4620249.00,Villeray-Saint-Michel-Parc-Extension
4620250.00,Villeray-Saint-Michel-Parc-Extension
4620252.00,Villeray-Saint-Michel-Parc-Extension
4620253.00,Villeray-Saint-Michel-Parc-Extension
4620254.00,Villeray-Saint-Michel-Parc-Extension
4620256.00,Villeray-Saint-Michel-Parc-Extension
4620257.00,Villeray-Saint-Michel-Parc-Extension
4620258.00,Villeray-Saint-Michel-Parc-Extension
4620259.00,Villeray-Saint-Michel-Parc-Extension
4620260.00,Villeray-Saint-Michel-Parc-Extension
4620261.00,Villeray-Saint-Michel-Parc-Extension
4620262.00,Villeray-Saint-Michel-Parc-Extension
4620263.00,Villeray-Saint-Michel-Parc-Extension
4620265.00,Ahuntsic-Cartierville
4620266.00,Ahuntsic-Cartierville
4620267.00,Ahuntsic-Cartierville
4620269.00,Ahuntsic-Cartierville
4620270.00,Ahuntsic-Cartierville
4620271.00,Ahuntsic-Cartierville
4620272.00,Ahuntsic-Cartierville
4620273.00,Ahuntsic-Cartierville
4620274.00,Ahuntsic-Cartierville
4620275.00,Ahuntsic-Cartierville
4620276.00,Ahuntsic-Cartierville
4620277.00,Ahuntsic-Cartierville
4620278.00,Ahuntsic-Cartierville
4620279.00,Ahuntsic-Cartierville
4620280.00,Ahuntsic-Cartierville
4620281.00,Ahuntsic-Cartierville
4620282.00,Ahuntsic-Cartierville
4620284.00,Ahuntsic-Cartierville
4620285.00,Ahuntsic-Cartierville
4620286.00,Ahuntsic-Cartierville
4620288.00,Ahuntsic-Cartierville
4620300.00,Verdun
4620301.00,Verdun
4620302.00,Verdun
4620303.00,Verdun
4620304.00,Verdun
4620305.00,Verdun
4620306.00,Verdun
4620307.00,Verdun
4620308.00,Verdun
4620309.00,Verdun
4620310.00,Verdun
4620311.00,Verdun
4620312.00,Verdun
4620313.00,Verdun
4620314.00,Verdun
4620315.00,Verdun
4620316.00,Verdun
4620320.00,LaSalle
4620321.00,LaSalle
4620323.00,LaSalle
4620327.00,LaSalle
4620329.00,LaSalle
4620330.00,Lachine
4620340.00,Montréal-Ouest
4620350.00,Westmount
4620351.00,Westmount
4620352.00,Westmount
4620353.00,Westmount
4620354.00,Westmount
4620355.00,Westmount
4620356.00,Westmount
4620360.00,Outremont
4620361.00,Outremont
4620362.00,Outremont
4620363.00,Outremont
4620364.00,Outremont
4620365.00,Outremont
4620366.00,Outremont
4620367.00,Outremont
4620370.00,Hampstead
4620380.00,Côte-Saint-Luc
4620381.00,Côte-Saint-Luc
4620385.00,Côte-Saint-Luc
4620390.00,Lachine
4620391.00,Lachine
4620392.00,Lachine
4620393.00,Lachine
4620394.00,Lachine
4620396.00,Lachine
4620397.00,Lachine
4620400.00,Mont-Royal
4620401.00,Mont-Royal
4620402.00,Mont-Royal
4620403.00,Mont-Royal
4620404.00,Mont-Royal
4620412.00,Saint-Laurent
4620418.00,Saint-Laurent
4620419.00,Saint-Laurent
4620420.00,Saint-Laurent
4620733.01,
4620430.00,Dorval
4620431.00,Dorval
4620432.00,Dorval
4620433.00,Saint-Laurent
4620440.00,L'Île-Dorval
4620450.00,Pointe-Claire
4620451.00,Pointe-Claire
4620452.00,Pointe-Claire
4620460.00,Beaconsfield
4620461.00,Beaconsfield
4620480.00,Baie-D'Urfé
4620490.00,Sainte-Anne-de-Bellevue
4620491.00,Sainte-Anne-de-Bellevue
4620500.00,Senneville
4620733.02,
4620903.13,
4620903.14,
4620652.06,
4620652.07,
4620523.00,Dollard-des-Ormeaux
4620530.00,Pierrefonds-Roxboro
4620540.00,L'Île-Bizard-Sainte-Geneviève
4620570.00,Montréal-Est
4620583.00,Rivière-des-Prairies-Pointe-aux-Trembles
4620584.00,Rivière-des-Prairies-Pointe-aux-Trembles
4620592.00,Anjou
4620511.01,Pierrefonds-Roxboro
4620511.02,Pierrefonds-Roxboro
4620830.03,
4620830.04,
4620612.00,Montréal-Nord
4620613.00,Montréal-Nord
4620614.00,Montréal-Nord
4620615.00,Montréal-Nord
4620616.00,Montréal-Nord
4620618.00,Montréal-Nord
4620619.00,Montréal-Nord
4620626.00,
4620627.00,
4620629.00,
4620631.00,
4620633.00,
4620634.00,
4620635.00,
4620636.00,
4620639.00,
4620640.00,
4620642.00,
4620644.00,
4620645.00,
4620648.00,
4620653.00,
4620654.00,
4620662.00,
4620675.00,
4620683.00,
4620706.00,
4620707.00,
4620729.00,
4620731.00,
4620801.00,
4620802.00,
4620829.00,
4620832.00,
4620851.00,
4620755.01,
4620856.00,
4620859.00,
4620861.00,
4620862.00,
4620864.00,
4620865.00,
4620866.00,
4620867.00,
4620869.00,
4620872.00,
4620874.00,
4620875.00,
4620878.00,
4620880.00,
4620882.00,
4620883.00,
4620885.00,
4620900.00,
4620902.00,
4621000.00,
4621001.00,
4621002.00,
4621003.00,
4621004.00,
4621005.00,
4620704.08,
4620704.09,
4620325.05,LaSalle
4620325.06,LaSalle
4620593.01,Anjou
4620593.02,Anjou
4620100.01,Côte-des-Neiges-Notre-Dame-de-Grâce
4620100.02,Côte-des-Neiges-Notre-Dame-de-Grâce
4620291.03,Rivière-des-Prairies-Pointe-aux-Trembles
4620291.04,Rivière-des-Prairies-Pointe-aux-Trembles
4620413.01,Saint-Laurent
4620413.02,Saint-Laurent
4620317.03,Verdun
4620187.03,Rosemont-La Petite-Patrie
4620187.04,Rosemont-La Petite-Patrie
4620929.01,
4620929.02,
4620855.03,
4620855.04,
4620677.09,
4620677.10,
4620777.01,
4620777.02,
4620643.01,
4620643.02,
4620643.03,
4620652.08,
4620652.09,
4620656.03,
4620656.04,
4620659.08,
4620659.09,
4620661.03,
4620661.04,
4620804.01,
4620804.02,
4620701.01,
4620701.02,
4620758.03,
4620758.04,
4620758.05,
4620758.06,
4620740.01,
4620750.04,
4620903.11,
4620903.12,
4620858.04,
4620858.05,
4620876.06,
4620876.07,
4620750.06,
4620750.07,
4620825.06,
4620825.07,
4620825.08,
4620685.07,
4620684.08,
4620684.09,
4620734.06,
4620734.07,
4620650.04,
4620650.05,
4620681.00,
4620833.00,
4620012.01,Mercier-Hochelaga-Maisonneuve
4620012.02,Mercier-Hochelaga-Maisonneuve
4620097.01,Côte-des-Neiges-Notre-Dame-de-Grâce
4620097.02,Côte-des-Neiges-Notre-Dame-de-Grâce
4620283.01,Ahuntsic-Cartierville
4620283.02,Ahuntsic-Cartierville
4620322.02,LaSalle
4620325.01,LaSalle
4620325.02,LaSalle
4620325.03,LaSalle
4620326.01,LaSalle
4620326.02,LaSalle
4620328.00,LaSalle
4620395.01,Lachine
4620395.02,Lachine
4620395.03,Lachine
4620520.02,Dollard-des-Ormeaux
4620590.01,Anjou
4620590.02,Anjou
4620591.01,Anjou
4620591.02,Anjou
4620603.01,Saint-Léonard
4620603.02,Saint-Léonard
4620604.01,Saint-Léonard
4620604.02,Saint-Léonard
4620605.01,Saint-Léonard
4620605.02,Saint-Léonard
4620610.01,Montréal-Nord
4620610.02,Montréal-Nord
4620610.03,Montréal-Nord
4620610.04,Montréal-Nord
4620611.01,Montréal-Nord
4620611.02,Montréal-Nord
4620617.01,Montréal-Nord
4620617.02,Montréal-Nord
4620630.01,
4620630.02,
4620632.01,
4620632.02,
4620638.01,
4620638.02,
4620638.03,
4620646.01,
4620646.02,
4620646.03,
4620650.01,
4620650.02,
4620652.01,
4620700.01,
4620756.02,
4620757.00,
4620775.00,
4620825.02,
4620825.03,
4620825.04,
4620740.03,
4620827.02,
4620852.02,
4620857.01,
4620857.02,
4620868.01,
4620868.02,
4620879.01,
4620879.02,
4620881.01,
4620881.02,
4620889.01,
4620889.02,
4620889.03,
4620740.04,
4620684.10,
4620684.11,
4620888.01,
4620888.02,
4620888.03,
4620687.09,
4620065.01,Ville-Marie
4620065.02,Ville-Marie
4620066.01,Ville-Marie
4620066.02,Ville-Marie
4620115.01,Côte-des-Neiges-Notre-Dame-de-Grâce
4620115.02,Côte-des-Neiges-Notre-Dame-de-Grâce
4620188.01,Rosemont-La Petite-Patrie
4620188.02,Rosemont-La Petite-Patrie
4620195.01,Rosemont-La Petite-Patrie
4620195.02,Mercier-Hochelaga-Maisonneuve
4620223.01,Villeray-Saint-Michel-Parc-Extension
4620223.02,Villeray-Saint-Michel-Parc-Extension
4620251.01,Villeray-Saint-Michel-Parc-Extension
4620251.02,Villeray-Saint-Michel-Parc-Extension
4620290.01,Rivière-des-Prairies-Pointe-aux-Trembles
4620290.02,Rivière-des-Prairies-Pointe-aux-Trembles
4620324.01,LaSalle
4620324.02,LaSalle
4620382.01,Côte-Saint-Luc
4620382.02,Côte-Saint-Luc
4620462.01,Beaconsfield
4620462.02,Beaconsfield
4620470.01,Kirkland
4620512.02,Pierrefonds-Roxboro
4620514.01,Pierrefonds-Roxboro
4620514.02,Pierrefonds-Roxboro
4620521.01,Dollard-des-Ormeaux
4620582.01,Rivière-des-Prairies-Pointe-aux-Trembles
4620582.02,Rivière-des-Prairies-Pointe-aux-Trembles
4620600.01,Saint-Léonard
4620600.02,Saint-Léonard
4620600.03,Saint-Léonard
4620601.01,Saint-Léonard
4620601.02,Saint-Léonard
4620602.01,Saint-Léonard
4620602.02,Saint-Léonard
4620603.03,Saint-Léonard
4620604.03,Saint-Léonard
4620604.04,Saint-Léonard
4620604.05,Saint-Léonard
4620605.03,Saint-Léonard
4620605.04,Saint-Léonard
4620605.05,Saint-Léonard
4620610.05,Montréal-Nord
4620610.06,Montréal-Nord
4620628.01,
4620628.02,
4620638.04,
4620641.01,
4620641.02,
4620657.01,
4620657.02,
4620658.01,
4620658.02,
4620658.03,
4620661.01,
4620676.01,
4620676.02,
4620676.03,
4620676.04,
4620687.01,
4620704.01,
4620825.05,
4620826.02,
4620855.01,
4620858.01,
4620858.02,
4620860.01,
4620860.02,
4620863.01,
4620863.02,
4620870.01,
4620870.02,
4620871.01,
4620871.02,
4620873.01,
4620873.02,
4620876.01,
4620884.01,
4620884.02,
4620725.09,
4620903.01,
4620725.10,
4620070.01,Ville-Marie
4620070.02,Le Sud-Ouest
4620069.01,Ville-Marie
4620069.02,Le Sud-Ouest
4620732.03,
4620732.04,
4620101.01,Côte-des-Neiges-Notre-Dame-de-Grâce
4620101.02,Côte-des-Neiges-Notre-Dame-de-Grâce
4620129.01,Ville-Marie
4620129.02,Ville-Marie
4620195.03,Mercier-Hochelaga-Maisonneuve
4620287.01,Ahuntsic-Cartierville
4620287.02,Ahuntsic-Cartierville
4620290.03,Rivière-des-Prairies-Pointe-aux-Trembles
4620290.04,Rivière-des-Prairies-Pointe-aux-Trembles
4620326.03,LaSalle
4620383.01,Côte-Saint-Luc
4620383.02,Côte-Saint-Luc
4620410.01,Saint-Laurent
4620410.02,Saint-Laurent
4620522.01,Dollard-des-Ormeaux
4620522.02,Dollard-des-Ormeaux
4620594.01,Anjou
4620594.02,Anjou
4620610.07,Montréal-Nord
4620632.03,
4620647.01,
4620647.02,
4620649.01,
4620649.02,
4620655.01,
4620655.02,
4620677.01,
4620677.02,
4620685.02,
4620703.02,
4620726.01,
4620751.01,
4620751.02,
4620756.03,
4620853.02,
4620854.01,
4620854.02,
4620901.01,
4620901.02,
4620901.03,
4620930.02,
4620776.00,
4620834.00,
4620659.10,
4620659.11,
4620828.05,
4620828.06,
4620120.01,Mont-Royal
4620120.02,Côte-Saint-Luc
4620710.05,
4620710.06,
4620826.13,
4620734.03,
4620734.04,
4620734.05,
4620710.07,
4620710.08,
4620710.09,
4620710.10,
4620710.11,
4620831.08,
4620831.09,
4620094.01,Côte-des-Neiges-Notre-Dame-de-Grâce
4620094.02,Le Sud-Ouest
4620014.02,Mercier-Hochelaga-Maisonneuve
4620112.01,Côte-des-Neiges-Notre-Dame-de-Grâce
4620112.02,Côte-des-Neiges-Notre-Dame-de-Grâce
4620055.01,Ville-Marie
4620055.02,Ville-Marie
4620190.01,Mercier-Hochelaga-Maisonneuve
4620190.02,Rosemont-La Petite-Patrie
4620290.05,Rivière-des-Prairies-Pointe-aux-Trembles
4620187.01,Rosemont-La Petite-Patrie
4620127.01,Côte-des-Neiges-Notre-Dame-de-Grâce
4620127.02,Côte-des-Neiges-Notre-Dame-de-Grâce
4620290.06,Rivière-des-Prairies-Pointe-aux-Trembles
4620290.07,Rivière-des-Prairies-Pointe-aux-Trembles
4620290.08,Rivière-des-Prairies-Pointe-aux-Trembles
4620581.01,Rivière-des-Prairies-Pointe-aux-Trembles
4620581.02,Rivière-des-Prairies-Pointe-aux-Trembles
4620290.09,Rivière-des-Prairies-Pointe-aux-Trembles
4620580.01,Rivière-des-Prairies-Pointe-aux-Trembles
4620580.02,Rivière-des-Prairies-Pointe-aux-Trembles
4620585.01,Rivière-des-Prairies-Pointe-aux-Trembles
4620585.02,Rivière-des-Prairies-Pointe-aux-Trembles
4620264.01,Ahuntsic-Cartierville
4620264.02,Ahuntsic-Cartierville
4620268.01,Ahuntsic-Cartierville
4620268.02,Ahuntsic-Cartierville
4620268.03,Ahuntsic-Cartierville
4620677.05,
4620702.01,
4620702.02,
4620687.04,
4620806.01,
4620806.02,
4620682.02,
4620904.02,
4620637.01,
4620637.02,
4620625.01,
4620625.02,
4620656.01,
4620632.04,
4620657.03,
4620660.01,
4620660.02,
4620660.03,
4620550.02,L'Île-Bizard-Sainte-Geneviève
4620470.03,Kirkland
4620453.01,Pointe-Claire
4620453.02,Pointe-Claire
4620410.03,Saint-Laurent
4620417.01,Saint-Laurent
4620417.02,Saint-Laurent
4621006.01,
4621006.02,
4621006.03,
4620755.03,
4620755.04,
4620755.05,
4620580.03,Rivière-des-Prairies-Pointe-aux-Trembles
4620690.00,
4620691.00,
4620693.00,
4620760.00,
4620781.00,
4620782.00,
4620783.00,
4620784.00,
4620785.00,
4620786.00,
4620788.00,
4620792.00,
4622200.00,
4622201.00,
4622202.00,
4622203.00,
4622204.00,
4622205.00,
4622206.00,
4622207.00,
4622100.00,
4622102.00,
4622103.00,
4622400.00,
4622401.00,
4622300.00,
4622301.00,
4622302.00,
4622303.00,
4622304.00,
4622001.00,
4622002.00,
4622003.00,
4622004.00,
4622005.00,
4622006.00,
4622007.00,
4622008.00,
4622009.00,
4622010.00,
4622011.00,
4622012.00,
4622013.00,
4622014.00,
4622015.00,
4622101.00,
4622402.00,
4620780.00,
4620322.03,LaSalle
4620322.04,LaSalle
4620470.04,Kirkland
4620470.05,Kirkland
4620550.03,L'Île-Bizard-Sainte-Geneviève
4620550.04,L'Île-Bizard-Sainte-Geneviève
4620688.02,
4620703.03,
4620703.04,
4620710.03,
4620730.01,
4620730.02,
4620732.01,
4620735.01,
4620735.02,
4620750.01,
4620750.02,
4620756.04,
4620756.05,
4620853.03,
4620853.04,
4620857.06,
4620857.07,
4620857.08,
4620857.09,
4620857.10,
4620857.11,
4620857.12,
4620887.03,
4620887.04,
4620926.01,
4620926.02,
4620416.01,Saint-Laurent
4620416.02,Saint-Laurent
4620415.03,Saint-Laurent
4620415.04,Saint-Laurent
4620708.01,
4620708.02,
4620291.01,Rivière-des-Prairies-Pointe-aux-Trembles
4620651.01,
4620651.02,
4620659.04,
4620659.05,
4620659.06,
4620677.07,
4620705.01,
4620705.02,
4620725.03,
4620725.04,
4620725.06,
4620726.03,
4620726.04,
4620727.01,
4620727.02,
4620830.01,
4620930.03,
4620930.04,
4620512.03,Pierrefonds-Roxboro
4620512.04,Pierrefonds-Roxboro
4620513.01,Pierrefonds-Roxboro
4620513.02,Pierrefonds-Roxboro
4620515.01,Pierrefonds-Roxboro
4620515.02,Pierrefonds-Roxboro
4620515.03,Pierrefonds-Roxboro
4620515.04,Pierrefonds-Roxboro
4620520.03,Dollard-des-Ormeaux
4620520.04,Dollard-des-Ormeaux
4620682.04,
4620682.05,
4620682.06,
4620684.05,
4620685.03,
4620685.04,
4620685.05,
4620686.01,
4620686.02,
4620686.03,
4620687.06,
4620687.07,
4620689.01,
4620689.02,
4620689.04,
4620700.03,
4620700.04,
4620704.04,
4620704.05,
4620704.06,
4620709.01,
4620709.02,
4620728.01,
4620728.02,
4620728.03,
4620800.01,
4620800.02,
4620826.05,
4620826.06,
4620826.07,
4620826.08,
4620826.09,
4620826.10,
4620826.11,
4620828.03,
4620828.04,
4620877.01,
4620877.02,
4620886.01,
4620886.02,
4620886.03,
4620903.04,
4620903.05,
4620903.08,
4620903.09,
4620903.10,
4620904.03,
4620904.04,
4620904.05,
4620904.06,
4620521.04,Dollard-des-Ormeaux
4620521.05,Dollard-des-Ormeaux
4620521.06,Dollard-des-Ormeaux
4620521.07,Dollard-des-Ormeaux
4620807.01,
4620807.02,
4620827.03,
4620827.04,
4620831.03,
4620831.04,
4620831.05,
4620850.03,
4620850.04,
4620850.05,
4620876.04,
4620876.05,
4620831.07,
4620415.07,Saint-Laurent
4620415.08,Saint-Laurent
4620415.09,Saint-Laurent
4620415.10,Saint-Laurent
4620317.05,Verdun
4620317.06,Verdun
4620014.03,Mercier-Hochelaga-Maisonneuve
4620014.04,Mercier-Hochelaga-Maisonneuve
4620317.07,Verdun
4620317.08,Verdun
4620194.01,Mercier-Hochelaga-Maisonneuve
4620194.02,Mercier-Hochelaga-Maisonneuve
4620421.03,Saint-Laurent
4620421.04,Saint-Laurent
4620421.05,Saint-Laurent
4620421.06,Saint-Laurent
4620826.15,
4620826.16,
4620682.07,
4620682.08,
4620677.11,
4620677.12,
4620677.13,
4620677.14,
4620852.03,
4620852.04,
4620852.05,
4620687.11,
4620687.12,
4620687.13,
4620687.14,
4620684.12,
4620684.13,
4620684.14,
4620689.05,
4620689.06,
4620692.01,
4620692.02,
4620694.01,
4620694.02,
4620787.01,
4620787.02,
4620789.01,
4620789.02,
4620790.01,
4620790.02,
4620791.01,
4620791.02,
4620850.06,
4620850.07,
4620805.01,
4620805.02,
4620685.09,
4620685.10,
4620685.11,
4621009.00,
